CRASH_DATE,COUNT
2016-01-01,72
2016-01-02,79
2016-01-03,65
2016-01-04,91
2016-01-05,101
2016-01-06,74
2016-01-07,69
2016-01-08,114
2016-01-09,104
2016-01-10,68
2016-01-11,120
2016-01-12,114
2016-01-13,106
2016-01-14,102
2016-01-15,84
2016-01-16,88
2016-01-17,52
2016-01-18,64
2016-01-19,90
2016-01-20,120
2016-01-21,137
2016-01-22,121
2016-01-23,83
2016-01-24,49
2016-01-25,86
2016-01-26,83
2016-01-27,85
2016-01-28,82
2016-01-29,100
2016-01-30,85
2016-01-31,77
2016-02-01,83
2016-02-02,105
2016-02-03,64
2016-02-04,87
2016-02-05,86
2016-02-06,72
2016-02-07,49
2016-02-08,63
2016-02-09,124
2016-02-10,100
2016-02-11,91
2016-02-12,100
2016-02-13,87
2016-02-14,107
2016-02-15,63
2016-02-16,79
2016-02-17,84
2016-02-18,75
2016-02-19,148
2016-02-20,108
2016-02-21,63
2016-02-22,86
2016-02-23,91
2016-02-24,95
2016-02-25,81
2016-02-26,109
2016-02-27,88
2016-02-28,68
2016-02-29,83
2016-03-01,102
2016-03-02,106
2016-03-03,98
2016-03-04,112
2016-03-05,87
2016-03-06,73
2016-03-07,100
2016-03-08,87
2016-03-09,73
2016-03-10,95
2016-03-11,101
2016-03-12,105
2016-03-13,98
2016-03-14,103
2016-03-15,116
2016-03-16,79
2016-03-17,90
2016-03-18,114
2016-03-19,86
2016-03-20,78
2016-03-21,85
2016-03-22,89
2016-03-23,110
2016-03-24,110
2016-03-25,95
2016-03-26,86
2016-03-27,77
2016-03-28,84
2016-03-29,86
2016-03-30,95
2016-03-31,96
2016-04-01,122
2016-04-02,96
2016-04-03,82
2016-04-04,107
2016-04-05,104
2016-04-06,93
2016-04-07,104
2016-04-08,137
2016-04-09,158
2016-04-10,61
2016-04-11,93
2016-04-12,101
2016-04-13,88
2016-04-14,115
2016-04-15,119
2016-04-16,98
2016-04-17,71
2016-04-18,76
2016-04-19,56
2016-04-20,104
2016-04-21,76
2016-04-22,77
2016-04-23,67
2016-04-24,70
2016-04-25,110
2016-04-26,109
2016-04-27,94
2016-04-28,90
2016-04-29,101
2016-04-30,123
2016-05-01,84
2016-05-02,110
2016-05-03,94
2016-05-04,79
2016-05-05,92
2016-05-06,122
2016-05-07,91
2016-05-08,89
2016-05-09,104
2016-05-10,112
2016-05-11,93
2016-05-12,98
2016-05-13,118
2016-05-14,89
2016-05-15,67
2016-05-16,95
2016-05-17,96
2016-05-18,97
2016-05-19,115
2016-05-20,115
2016-05-21,108
2016-05-22,69
2016-05-23,111
2016-05-24,101
2016-05-25,138
2016-05-26,108
2016-05-27,130
2016-05-28,100
2016-05-29,65
2016-05-30,69
2016-05-31,132
2016-06-01,135
2016-06-02,109
2016-06-03,100
2016-06-04,75
2016-06-05,66
2016-06-06,104
2016-06-07,99
2016-06-08,79
2016-06-09,111
2016-06-10,140
2016-06-11,87
2016-06-12,61
2016-06-13,115
2016-06-14,82
2016-06-15,106
2016-06-16,97
2016-06-17,129
2016-06-18,75
2016-06-19,107
2016-06-20,121
2016-06-21,92
2016-06-22,81
2016-06-23,68
2016-06-24,92
2016-06-25,106
2016-06-26,69
2016-06-27,71
2016-06-28,80
2016-06-29,80
2016-06-30,94
2016-07-01,115
2016-07-02,79
2016-07-03,76
2016-07-04,48
2016-07-05,92
2016-07-06,108
2016-07-07,106
2016-07-08,140
2016-07-09,87
2016-07-10,68
2016-07-11,106
2016-07-12,105
2016-07-13,97
2016-07-14,119
2016-07-15,115
2016-07-16,104
2016-07-17,78
2016-07-18,82
2016-07-19,113
2016-07-20,141
2016-07-21,102
2016-07-22,131
2016-07-23,124
2016-07-24,88
2016-07-25,145
2016-07-26,142
2016-07-27,122
2016-07-28,106
2016-07-29,143
2016-07-30,115
2016-07-31,119
2016-08-01,119
2016-08-02,113
2016-08-03,123
2016-08-04,131
2016-08-05,179
2016-08-06,177
2016-08-07,118
2016-08-08,108
2016-08-09,108
2016-08-10,109
2016-08-11,144
2016-08-12,222
2016-08-13,144
2016-08-14,140
2016-08-15,116
2016-08-16,138
2016-08-17,133
2016-08-18,143
2016-08-19,156
2016-08-20,169
2016-08-21,147
2016-08-22,150
2016-08-23,129
2016-08-24,141
2016-08-25,124
2016-08-26,150
2016-08-27,168
2016-08-28,126
2016-08-29,180
2016-08-30,192
2016-08-31,164
2016-09-01,167
2016-09-02,181
2016-09-03,149
2016-09-04,136
2016-09-05,104
2016-09-06,175
2016-09-07,174
2016-09-08,175
2016-09-09,180
2016-09-10,149
2016-09-11,121
2016-09-12,163
2016-09-13,160
2016-09-14,130
2016-09-15,164
2016-09-16,204
2016-09-17,161
2016-09-18,123
2016-09-19,155
2016-09-20,149
2016-09-21,169
2016-09-22,158
2016-09-23,165
2016-09-24,134
2016-09-25,124
2016-09-26,142
2016-09-27,146
2016-09-28,204
2016-09-29,181
2016-09-30,166
2016-10-01,173
2016-10-02,114
2016-10-03,119
2016-10-04,145
2016-10-05,170
2016-10-06,204
2016-10-07,163
2016-10-08,126
2016-10-09,122
2016-10-10,146
2016-10-11,154
2016-10-12,201
2016-10-13,172
2016-10-14,187
2016-10-15,135
2016-10-16,138
2016-10-17,160
2016-10-18,159
2016-10-19,144
2016-10-20,148
2016-10-21,155
2016-10-22,185
2016-10-23,142
2016-10-24,158
2016-10-25,181
2016-10-26,256
2016-10-27,159
2016-10-28,183
2016-10-29,163
2016-10-30,148
2016-10-31,185
2016-11-01,167
2016-11-02,214
2016-11-03,184
2016-11-04,209
2016-11-05,206
2016-11-06,122
2016-11-07,164
2016-11-08,158
2016-11-09,147
2016-11-10,159
2016-11-11,144
2016-11-12,143
2016-11-13,125
2016-11-14,143
2016-11-15,154
2016-11-16,157
2016-11-17,156
2016-11-18,220
2016-11-19,136
2016-11-20,96
2016-11-21,150
2016-11-22,167
2016-11-23,267
2016-11-24,78
2016-11-25,101
2016-11-26,109
2016-11-27,104
2016-11-28,224
2016-11-29,163
2016-11-30,153
2016-12-01,145
2016-12-02,166
2016-12-03,171
2016-12-04,127
2016-12-05,172
2016-12-06,121
2016-12-07,140
2016-12-08,165
2016-12-09,188
2016-12-10,208
2016-12-11,150
2016-12-12,172
2016-12-13,213
2016-12-14,223
2016-12-15,193
2016-12-16,246
2016-12-17,134
2016-12-18,174
2016-12-19,256
2016-12-20,256
2016-12-21,153
2016-12-22,202
2016-12-23,208
2016-12-24,117
2016-12-25,89
2016-12-26,100
2016-12-27,114
2016-12-28,115
2016-12-29,102
2016-12-30,119
2016-12-31,113
2017-01-01,138
2017-01-02,113
2017-01-03,139
2017-01-04,103
2017-01-05,126
2017-01-06,137
2017-01-07,123
2017-01-08,127
2017-01-09,150
2017-01-10,176
2017-01-11,154
2017-01-12,181
2017-01-13,247
2017-01-14,141
2017-01-15,115
2017-01-16,128
2017-01-17,151
2017-01-18,141
2017-01-19,182
2017-01-20,156
2017-01-21,169
2017-01-22,105
2017-01-23,133
2017-01-24,124
2017-01-25,159
2017-01-26,143
2017-01-27,136
2017-01-28,118
2017-01-29,93
2017-01-30,123
2017-01-31,132
2017-02-01,141
2017-02-02,156
2017-02-03,172
2017-02-04,127
2017-02-05,108
2017-02-06,135
2017-02-07,176
2017-02-08,117
2017-02-09,144
2017-02-10,198
2017-02-11,147
2017-02-12,124
2017-02-13,148
2017-02-14,177
2017-02-15,134
2017-02-16,128
2017-02-17,170
2017-02-18,144
2017-02-19,137
2017-02-20,103
2017-02-21,171
2017-02-22,138
2017-02-23,175
2017-02-24,174
2017-02-25,139
2017-02-26,111
2017-02-27,138
2017-02-28,177
2017-03-01,201
2017-03-02,132
2017-03-03,182
2017-03-04,151
2017-03-05,100
2017-03-06,152
2017-03-07,172
2017-03-08,185
2017-03-09,137
2017-03-10,217
2017-03-11,188
2017-03-12,102
2017-03-13,186
2017-03-14,257
2017-03-15,197
2017-03-16,157
2017-03-17,198
2017-03-18,150
2017-03-19,116
2017-03-20,153
2017-03-21,157
2017-03-22,154
2017-03-23,163
2017-03-24,206
2017-03-25,190
2017-03-26,115
2017-03-27,139
2017-03-28,129
2017-03-29,154
2017-03-30,177
2017-03-31,188
2017-04-01,183
2017-04-02,121
2017-04-03,187
2017-04-04,161
2017-04-05,192
2017-04-06,192
2017-04-07,179
2017-04-08,160
2017-04-09,133
2017-04-10,178
2017-04-11,118
2017-04-12,138
2017-04-13,139
2017-04-14,182
2017-04-15,196
2017-04-16,130
2017-04-17,178
2017-04-18,182
2017-04-19,130
2017-04-20,157
2017-04-21,199
2017-04-22,163
2017-04-23,139
2017-04-24,168
2017-04-25,185
2017-04-26,184
2017-04-27,175
2017-04-28,189
2017-04-29,236
2017-04-30,150
2017-05-01,206
2017-05-02,182
2017-05-03,189
2017-05-04,190
2017-05-05,206
2017-05-06,183
2017-05-07,149
2017-05-08,171
2017-05-09,173
2017-05-10,202
2017-05-11,208
2017-05-12,214
2017-05-13,188
2017-05-14,161
2017-05-15,186
2017-05-16,201
2017-05-17,207
2017-05-18,240
2017-05-19,259
2017-05-20,166
2017-05-21,135
2017-05-22,199
2017-05-23,202
2017-05-24,182
2017-05-25,172
2017-05-26,212
2017-05-27,194
2017-05-28,141
2017-05-29,150
2017-05-30,191
2017-05-31,188
2017-06-01,255
2017-06-02,236
2017-06-03,198
2017-06-04,161
2017-06-05,224
2017-06-06,214
2017-06-07,213
2017-06-08,215
2017-06-09,240
2017-06-10,276
2017-06-11,180
2017-06-12,231
2017-06-13,195
2017-06-14,240
2017-06-15,207
2017-06-16,223
2017-06-17,206
2017-06-18,178
2017-06-19,207
2017-06-20,174
2017-06-21,177
2017-06-22,188
2017-06-23,231
2017-06-24,177
2017-06-25,160
2017-06-26,195
2017-06-27,191
2017-06-28,184
2017-06-29,217
2017-06-30,219
2017-07-01,223
2017-07-02,163
2017-07-03,186
2017-07-04,188
2017-07-05,201
2017-07-06,220
2017-07-07,243
2017-07-08,203
2017-07-09,158
2017-07-10,201
2017-07-11,200
2017-07-12,212
2017-07-13,205
2017-07-14,212
2017-07-15,203
2017-07-16,159
2017-07-17,241
2017-07-18,217
2017-07-19,219
2017-07-20,244
2017-07-21,282
2017-07-22,240
2017-07-23,211
2017-07-24,215
2017-07-25,233
2017-07-26,225
2017-07-27,255
2017-07-28,253
2017-07-29,273
2017-07-30,201
2017-07-31,272
2017-08-01,281
2017-08-02,261
2017-08-03,253
2017-08-04,235
2017-08-05,253
2017-08-06,219
2017-08-07,224
2017-08-08,237
2017-08-09,238
2017-08-10,229
2017-08-11,253
2017-08-12,276
2017-08-13,209
2017-08-14,221
2017-08-15,258
2017-08-16,273
2017-08-17,275
2017-08-18,277
2017-08-19,249
2017-08-20,207
2017-08-21,240
2017-08-22,258
2017-08-23,255
2017-08-24,226
2017-08-25,299
2017-08-26,233
2017-08-27,211
2017-08-28,267
2017-08-29,247
2017-08-30,259
2017-08-31,262
2017-09-01,316
2017-09-02,310
2017-09-03,253
2017-09-04,198
2017-09-05,304
2017-09-06,309
2017-09-07,314
2017-09-08,278
2017-09-09,316
2017-09-10,253
2017-09-11,277
2017-09-12,305
2017-09-13,323
2017-09-14,299
2017-09-15,377
2017-09-16,321
2017-09-17,254
2017-09-18,302
2017-09-19,333
2017-09-20,290
2017-09-21,338
2017-09-22,340
2017-09-23,331
2017-09-24,251
2017-09-25,297
2017-09-26,316
2017-09-27,268
2017-09-28,288
2017-09-29,359
2017-09-30,318
2017-10-01,249
2017-10-02,293
2017-10-03,348
2017-10-04,286
2017-10-05,303
2017-10-06,423
2017-10-07,351
2017-10-08,261
2017-10-09,271
2017-10-10,385
2017-10-11,402
2017-10-12,281
2017-10-13,357
2017-10-14,391
2017-10-15,228
2017-10-16,297
2017-10-17,317
2017-10-18,324
2017-10-19,331
2017-10-20,384
2017-10-21,303
2017-10-22,296
2017-10-23,383
2017-10-24,449
2017-10-25,311
2017-10-26,311
2017-10-27,331
2017-10-28,301
2017-10-29,278
2017-10-30,272
2017-10-31,305
2017-11-01,407
2017-11-02,407
2017-11-03,328
2017-11-04,381
2017-11-05,276
2017-11-06,301
2017-11-07,326
2017-11-08,315
2017-11-09,302
2017-11-10,561
2017-11-11,308
2017-11-12,310
2017-11-13,341
2017-11-14,293
2017-11-15,351
2017-11-16,297
2017-11-17,427
2017-11-18,355
2017-11-19,268
2017-11-20,286
2017-11-21,326
2017-11-22,296
2017-11-23,191
2017-11-24,237
2017-11-25,253
2017-11-26,226
2017-11-27,271
2017-11-28,275
2017-11-29,307
2017-11-30,293
2017-12-01,365
2017-12-02,339
2017-12-03,291
2017-12-04,320
2017-12-05,357
2017-12-06,331
2017-12-07,321
2017-12-08,400
2017-12-09,405
2017-12-10,250
2017-12-11,274
2017-12-12,317
2017-12-13,311
2017-12-14,356
2017-12-15,374
2017-12-16,355
2017-12-17,276
2017-12-18,359
2017-12-19,324
2017-12-20,288
2017-12-21,309
2017-12-22,364
2017-12-23,323
2017-12-24,345
2017-12-25,171
2017-12-26,287
2017-12-27,359
2017-12-28,319
2017-12-29,324
2017-12-30,363
2017-12-31,331
2018-01-01,337
2018-01-02,452
2018-01-03,383
2018-01-04,360
2018-01-05,373
2018-01-06,330
2018-01-07,210
2018-01-08,279
2018-01-09,276
2018-01-10,311
2018-01-11,342
2018-01-12,353
2018-01-13,288
2018-01-14,226
2018-01-15,263
2018-01-16,335
2018-01-17,397
2018-01-18,372
2018-01-19,359
2018-01-20,308
2018-01-21,209
2018-01-22,311
2018-01-23,333
2018-01-24,238
2018-01-25,287
2018-01-26,370
2018-01-27,242
2018-01-28,211
2018-01-29,259
2018-01-30,263
2018-01-31,255
2018-02-01,299
2018-02-02,334
2018-02-03,280
2018-02-04,322
2018-02-05,388
2018-02-06,295
2018-02-07,271
2018-02-08,364
2018-02-09,246
2018-02-10,275
2018-02-11,257
2018-02-12,439
2018-02-13,350
2018-02-14,365
2018-02-15,305
2018-02-16,351
2018-02-17,379
2018-02-18,248
2018-02-19,240
2018-02-20,391
2018-02-21,281
2018-02-22,263
2018-02-23,323
2018-02-24,306
2018-02-25,254
2018-02-26,339
2018-02-27,284
2018-02-28,280
2018-03-01,314
2018-03-02,359
2018-03-03,331
2018-03-04,240
2018-03-05,302
2018-03-06,294
2018-03-07,304
2018-03-08,286
2018-03-09,357
2018-03-10,318
2018-03-11,256
2018-03-12,271
2018-03-13,350
2018-03-14,300
2018-03-15,322
2018-03-16,349
2018-03-17,331
2018-03-18,292
2018-03-19,291
2018-03-20,297
2018-03-21,306
2018-03-22,295
2018-03-23,361
2018-03-24,240
2018-03-25,266
2018-03-26,290
2018-03-27,266
2018-03-28,283
2018-03-29,257
2018-03-30,294
2018-03-31,297
2018-04-01,228
2018-04-02,280
2018-04-03,329
2018-04-04,447
2018-04-05,340
2018-04-06,334
2018-04-07,280
2018-04-08,250
2018-04-09,337
2018-04-10,289
2018-04-11,308
2018-04-12,336
2018-04-13,359
2018-04-14,385
2018-04-15,291
2018-04-16,353
2018-04-17,306
2018-04-18,334
2018-04-19,376
2018-04-20,360
2018-04-21,242
2018-04-22,240
2018-04-23,351
2018-04-24,306
2018-04-25,334
2018-04-26,320
2018-04-27,372
2018-04-28,319
2018-04-29,267
2018-04-30,375
2018-05-01,388
2018-05-02,356
2018-05-03,360
2018-05-04,351
2018-05-05,391
2018-05-06,285
2018-05-07,357
2018-05-08,354
2018-05-09,342
2018-05-10,374
2018-05-11,365
2018-05-12,311
2018-05-13,288
2018-05-14,326
2018-05-15,336
2018-05-16,334
2018-05-17,326
2018-05-18,403
2018-05-19,293
2018-05-20,251
2018-05-21,386
2018-05-22,362
2018-05-23,365
2018-05-24,361
2018-05-25,448
2018-05-26,361
2018-05-27,340
2018-05-28,256
2018-05-29,303
2018-05-30,315
2018-05-31,426
2018-06-01,464
2018-06-02,397
2018-06-03,322
2018-06-04,389
2018-06-05,347
2018-06-06,314
2018-06-07,349
2018-06-08,386
2018-06-09,316
2018-06-10,347
2018-06-11,378
2018-06-12,338
2018-06-13,365
2018-06-14,366
2018-06-15,364
2018-06-16,392
2018-06-17,311
2018-06-18,385
2018-06-19,309
2018-06-20,318
2018-06-21,366
2018-06-22,394
2018-06-23,335
2018-06-24,320
2018-06-25,295
2018-06-26,318
2018-06-27,285
2018-06-28,342
2018-06-29,421
2018-06-30,368
2018-07-01,310
2018-07-02,355
2018-07-03,405
2018-07-04,319
2018-07-05,381
2018-07-06,382
2018-07-07,365
2018-07-08,296
2018-07-09,378
2018-07-10,356
2018-07-11,330
2018-07-12,323
2018-07-13,393
2018-07-14,326
2018-07-15,262
2018-07-16,361
2018-07-17,340
2018-07-18,325
2018-07-19,308
2018-07-20,376
2018-07-21,359
2018-07-22,276
2018-07-23,299
2018-07-24,305
2018-07-25,327
2018-07-26,337
2018-07-27,364
2018-07-28,310
2018-07-29,278
2018-07-30,304
2018-07-31,317
2018-08-01,386
2018-08-02,358
2018-08-03,382
2018-08-04,381
2018-08-05,275
2018-08-06,298
2018-08-07,364
2018-08-08,304
2018-08-09,308
2018-08-10,349
2018-08-11,354
2018-08-12,315
2018-08-13,325
2018-08-14,314
2018-08-15,310
2018-08-16,294
2018-08-17,360
2018-08-18,333
2018-08-19,267
2018-08-20,321
2018-08-21,291
2018-08-22,313
2018-08-23,303
2018-08-24,345
2018-08-25,345
2018-08-26,287
2018-08-27,340
2018-08-28,364
2018-08-29,319
2018-08-30,322
2018-08-31,385
2018-09-01,324
2018-09-02,259
2018-09-03,243
2018-09-04,420
2018-09-05,369
2018-09-06,341
2018-09-07,360
2018-09-08,275
2018-09-09,269
2018-09-10,323
2018-09-11,352
2018-09-12,315
2018-09-13,389
2018-09-14,416
2018-09-15,341
2018-09-16,310
2018-09-17,347
2018-09-18,313
2018-09-19,318
2018-09-20,385
2018-09-21,345
2018-09-22,310
2018-09-23,298
2018-09-24,320
2018-09-25,360
2018-09-26,320
2018-09-27,341
2018-09-28,392
2018-09-29,317
2018-09-30,259
2018-10-01,339
2018-10-02,323
2018-10-03,384
2018-10-04,308
2018-10-05,415
2018-10-06,316
2018-10-07,306
2018-10-08,299
2018-10-09,351
2018-10-10,396
2018-10-11,348
2018-10-12,382
2018-10-13,307
2018-10-14,276
2018-10-15,345
2018-10-16,341
2018-10-17,331
2018-10-18,337
2018-10-19,425
2018-10-20,347
2018-10-21,268
2018-10-22,316
2018-10-23,340
2018-10-24,336
2018-10-25,315
2018-10-26,329
2018-10-27,364
2018-10-28,284
2018-10-29,331
2018-10-30,303
2018-10-31,340
2018-11-01,303
2018-11-02,329
2018-11-03,302
2018-11-04,359
2018-11-05,373
2018-11-06,345
2018-11-07,282
2018-11-08,284
2018-11-09,384
2018-11-10,305
2018-11-11,263
2018-11-12,242
2018-11-13,360
2018-11-14,276
2018-11-15,400
2018-11-16,323
2018-11-17,382
2018-11-18,262
2018-11-19,326
2018-11-20,330
2018-11-21,270
2018-11-22,179
2018-11-23,241
2018-11-24,267
2018-11-25,241
2018-11-26,408
2018-11-27,369
2018-11-28,327
2018-11-29,318
2018-11-30,424
2018-12-01,350
2018-12-02,295
2018-12-03,328
2018-12-04,288
2018-12-05,319
2018-12-06,317
2018-12-07,390
2018-12-08,322
2018-12-09,261
2018-12-10,337
2018-12-11,352
2018-12-12,333
2018-12-13,417
2018-12-14,419
2018-12-15,331
2018-12-16,355
2018-12-17,331
2018-12-18,352
2018-12-19,319
2018-12-20,339
2018-12-21,383
2018-12-22,313
2018-12-23,268
2018-12-24,237
2018-12-25,156
2018-12-26,244
2018-12-27,308
2018-12-28,287
2018-12-29,414
2018-12-30,274
2018-12-31,382
2019-01-01,299
2019-01-02,212
2019-01-03,299
2019-01-04,278
2019-01-05,268
2019-01-06,189
2019-01-07,281
2019-01-08,235
2019-01-09,254
2019-01-10,243
2019-01-11,301
2019-01-12,583
2019-01-13,211
2019-01-14,271
2019-01-15,273
2019-01-16,307
2019-01-17,284
2019-01-18,315
2019-01-19,248
2019-01-20,246
2019-01-21,279
2019-01-22,305
2019-01-23,326
2019-01-24,387
2019-01-25,365
2019-01-26,320
2019-01-27,274
2019-01-28,343
2019-01-29,376
2019-01-30,177
2019-01-31,367
2019-02-01,396
2019-02-02,308
2019-02-03,218
2019-02-04,274
2019-02-05,297
2019-02-06,247
2019-02-07,334
2019-02-08,363
2019-02-09,293
2019-02-10,296
2019-02-11,353
2019-02-12,308
2019-02-13,383
2019-02-14,372
2019-02-15,351
2019-02-16,255
2019-02-17,245
2019-02-18,282
2019-02-19,309
2019-02-20,287
2019-02-21,279
2019-02-22,348
2019-02-23,348
2019-02-24,240
2019-02-25,286
2019-02-26,342
2019-02-27,272
2019-02-28,339
2019-03-01,341
2019-03-02,307
2019-03-03,221
2019-03-04,315
2019-03-05,347
2019-03-06,315
2019-03-07,291
2019-03-08,359
2019-03-09,329
2019-03-10,257
2019-03-11,268
2019-03-12,333
2019-03-13,292
2019-03-14,314
2019-03-15,383
2019-03-16,345
2019-03-17,298
2019-03-18,315
2019-03-19,329
2019-03-20,326
2019-03-21,299
2019-03-22,370
2019-03-23,330
2019-03-24,290
2019-03-25,311
2019-03-26,315
2019-03-27,298
2019-03-28,326
2019-03-29,343
2019-03-30,327
2019-03-31,254
2019-04-01,320
2019-04-02,282
2019-04-03,302
2019-04-04,367
2019-04-05,325
2019-04-06,295
2019-04-07,263
2019-04-08,344
2019-04-09,333
2019-04-10,318
2019-04-11,306
2019-04-12,399
2019-04-13,296
2019-04-14,335
2019-04-15,337
2019-04-16,275
2019-04-17,252
2019-04-18,320
2019-04-19,294
2019-04-20,320
2019-04-21,271
2019-04-22,294
2019-04-23,275
2019-04-24,284
2019-04-25,299
2019-04-26,402
2019-04-27,390
2019-04-28,264
2019-04-29,334
2019-04-30,350
2019-05-01,333
2019-05-02,309
2019-05-03,395
2019-05-04,360
2019-05-05,308
2019-05-06,326
2019-05-07,347
2019-05-08,323
2019-05-09,369
2019-05-10,394
2019-05-11,358
2019-05-12,279
2019-05-13,337
2019-05-14,350
2019-05-15,339
2019-05-16,339
2019-05-17,390
2019-05-18,355
2019-05-19,314
2019-05-20,329
2019-05-21,359
2019-05-22,416
2019-05-23,366
2019-05-24,361
2019-05-25,340
2019-05-26,246
2019-05-27,229
2019-05-28,387
2019-05-29,347
2019-05-30,385
2019-05-31,419
2019-06-01,349
2019-06-02,280
2019-06-03,323
2019-06-04,372
2019-06-05,413
2019-06-06,337
2019-06-07,435
2019-06-08,336
2019-06-09,291
2019-06-10,352
2019-06-11,359
2019-06-12,376
2019-06-13,363
2019-06-14,451
2019-06-15,408
2019-06-16,287
2019-06-17,323
2019-06-18,328
2019-06-19,352
2019-06-20,323
2019-06-21,335
2019-06-22,355
2019-06-23,327
2019-06-24,339
2019-06-25,413
2019-06-26,399
2019-06-27,353
2019-06-28,400
2019-06-29,378
2019-06-30,349
2019-07-01,401
2019-07-02,377
2019-07-03,406
2019-07-04,279
2019-07-05,361
2019-07-06,274
2019-07-07,268
2019-07-08,328
2019-07-09,309
2019-07-10,355
2019-07-11,341
2019-07-12,393
2019-07-13,380
2019-07-14,299
2019-07-15,360
2019-07-16,372
2019-07-17,343
2019-07-18,356
2019-07-19,397
2019-07-20,392
2019-07-21,288
2019-07-22,344
2019-07-23,324
2019-07-24,330
2019-07-25,336
2019-07-26,375
2019-07-27,355
2019-07-28,317
2019-07-29,331
2019-07-30,339
2019-07-31,331
2019-08-01,344
2019-08-02,401
2019-08-03,343
2019-08-04,302
2019-08-05,360
2019-08-06,308
2019-08-07,326
2019-08-08,339
2019-08-09,364
2019-08-10,340
2019-08-11,287
2019-08-12,342
2019-08-13,280
2019-08-14,321
2019-08-15,281
2019-08-16,333
2019-08-17,356
2019-08-18,255
2019-08-19,277
2019-08-20,320
2019-08-21,253
2019-08-22,298
2019-08-23,353
2019-08-24,365
2019-08-25,270
2019-08-26,371
2019-08-27,284
2019-08-28,293
2019-08-29,360
2019-08-30,326
2019-08-31,289
2019-09-01,297
2019-09-02,230
2019-09-03,386
2019-09-04,334
2019-09-05,341
2019-09-06,329
2019-09-07,313
2019-09-08,249
2019-09-09,325
2019-09-10,304
2019-09-11,323
2019-09-12,372
2019-09-13,413
2019-09-14,323
2019-09-15,285
2019-09-16,327
2019-09-17,274
2019-09-18,317
2019-09-19,302
2019-09-20,366
2019-09-21,351
2019-09-22,347
2019-09-23,357
2019-09-24,323
2019-09-25,313
2019-09-26,348
2019-09-27,396
2019-09-28,374
2019-09-29,285
2019-09-30,311
2019-10-01,306
2019-10-02,370
2019-10-03,340
2019-10-04,310
2019-10-05,296
2019-10-06,256
2019-10-07,332
2019-10-08,299
2019-10-09,328
2019-10-10,355
2019-10-11,441
2019-10-12,323
2019-10-13,264
2019-10-14,268
2019-10-15,314
2019-10-16,263
2019-10-17,290
2019-10-18,321
2019-10-19,309
2019-10-20,258
2019-10-21,324
2019-10-22,291
2019-10-23,318
2019-10-24,270
2019-10-25,314
2019-10-26,433
2019-10-27,321
2019-10-28,272
2019-10-29,274
2019-10-30,424
2019-10-31,454
2019-11-01,396
2019-11-02,308
2019-11-03,277
2019-11-04,300
2019-11-05,311
2019-11-06,298
2019-11-07,316
2019-11-08,332
2019-11-09,260
2019-11-10,236
2019-11-11,375
2019-11-12,551
2019-11-13,401
2019-11-14,327
2019-11-15,397
2019-11-16,324
2019-11-17,249
2019-11-18,305
2019-11-19,374
2019-11-20,310
2019-11-21,328
2019-11-22,371
2019-11-23,307
2019-11-24,233
2019-11-25,308
2019-11-26,365
2019-11-27,348
2019-11-28,192
2019-11-29,195
2019-11-30,346
2019-12-01,276
2019-12-02,262
2019-12-03,281
2019-12-04,307
2019-12-05,337
2019-12-06,303
2019-12-07,307
2019-12-08,221
2019-12-09,348
2019-12-10,304
2019-12-11,326
2019-12-12,361
2019-12-13,357
2019-12-14,310
2019-12-15,267
2019-12-16,329
2019-12-17,381
2019-12-18,326
2019-12-19,354
2019-12-20,399
2019-12-21,335
2019-12-22,314
2019-12-23,318
2019-12-24,290
2019-12-25,166
2019-12-26,239
2019-12-27,241
2019-12-28,279
2019-12-29,249
2019-12-30,304
2019-12-31,326
2020-01-01,298
2020-01-02,285
2020-01-03,276
2020-01-04,232
2020-01-05,169
2020-01-06,257
2020-01-07,258
2020-01-08,253
2020-01-09,291
2020-01-10,388
2020-01-11,287
2020-01-12,200
2020-01-13,289
2020-01-14,343
2020-01-15,304
2020-01-16,300
2020-01-17,405
2020-01-18,275
2020-01-19,198
2020-01-20,211
2020-01-21,392
2020-01-22,277
2020-01-23,341
2020-01-24,381
2020-01-25,296
2020-01-26,219
2020-01-27,207
2020-01-28,204
2020-01-29,234
2020-01-30,267
2020-01-31,346
2020-02-01,266
2020-02-02,223
2020-02-03,268
2020-02-04,245
2020-02-05,348
2020-02-06,363
2020-02-07,361
2020-02-08,282
2020-02-09,246
2020-02-10,268
2020-02-11,302
2020-02-12,325
2020-02-13,401
2020-02-14,567
2020-02-15,317
2020-02-16,313
2020-02-17,280
2020-02-18,253
2020-02-19,308
2020-02-20,282
2020-02-21,326
2020-02-22,287
2020-02-23,234
2020-02-24,228
2020-02-25,294
2020-02-26,409
2020-02-27,303
2020-02-28,342
2020-02-29,378
2020-03-01,260
2020-03-02,302
2020-03-03,303
2020-03-04,316
2020-03-05,267
2020-03-06,313
2020-03-07,318
2020-03-08,276
2020-03-09,349
2020-03-10,316
2020-03-11,244
2020-03-12,299
2020-03-13,323
2020-03-14,266
2020-03-15,221
2020-03-16,282
2020-03-17,185
2020-03-18,166
2020-03-19,164
2020-03-20,199
2020-03-21,140
2020-03-22,96
2020-03-23,125
2020-03-24,113
2020-03-25,125
2020-03-26,116
2020-03-27,135
2020-03-28,123
2020-03-29,85
2020-03-30,125
2020-03-31,120
2020-04-01,146
2020-04-02,136
2020-04-03,169
2020-04-04,141
2020-04-05,124
2020-04-06,113
2020-04-07,137
2020-04-08,128
2020-04-09,107
2020-04-10,152
2020-04-11,136
2020-04-12,113
2020-04-13,137
2020-04-14,133
2020-04-15,158
2020-04-16,129
2020-04-17,159
2020-04-18,180
2020-04-19,127
2020-04-20,158
2020-04-21,136
2020-04-22,157
2020-04-23,137
2020-04-24,170
2020-04-25,185
2020-04-26,179
2020-04-27,162
2020-04-28,178
2020-04-29,196
2020-04-30,148
2020-05-01,250
2020-05-02,245
2020-05-03,177
2020-05-04,187
2020-05-05,210
2020-05-06,171
2020-05-07,179
2020-05-08,196
2020-05-09,218
2020-05-10,207
2020-05-11,142
2020-05-12,178
2020-05-13,202
2020-05-14,190
2020-05-15,258
2020-05-16,209
2020-05-17,213
2020-05-18,181
2020-05-19,167
2020-05-20,207
2020-05-21,185
2020-05-22,242
2020-05-23,260
2020-05-24,224
2020-05-25,207
2020-05-26,251
2020-05-27,210
2020-05-28,224
2020-05-29,244
2020-05-30,221
2020-05-31,293
2020-06-01,218
2020-06-02,234
2020-06-03,232
2020-06-04,216
2020-06-05,258
2020-06-06,303
2020-06-07,207
2020-06-08,233
2020-06-09,235
2020-06-10,235
2020-06-11,219
2020-06-12,293
2020-06-13,256
2020-06-14,248
2020-06-15,239
2020-06-16,223
2020-06-17,222
2020-06-18,263
2020-06-19,319
2020-06-20,379
2020-06-21,256
2020-06-22,287
2020-06-23,225
2020-06-24,250
2020-06-25,255
2020-06-26,337
2020-06-27,264
2020-06-28,244
2020-06-29,277
2020-06-30,253
2020-07-01,260
2020-07-02,316
2020-07-03,312
2020-07-04,310
2020-07-05,342
2020-07-06,302
2020-07-07,300
2020-07-08,294
2020-07-09,267
2020-07-10,329
2020-07-11,303
2020-07-12,244
2020-07-13,313
2020-07-14,259
2020-07-15,309
2020-07-16,307
2020-07-17,345
2020-07-18,284
2020-07-19,266
2020-07-20,258
2020-07-21,244
2020-07-22,274
2020-07-23,246
2020-07-24,291
2020-07-25,341
2020-07-26,259
2020-07-27,303
2020-07-28,293
2020-07-29,270
2020-07-30,278
2020-07-31,323
2020-08-01,360
2020-08-02,286
2020-08-03,267
2020-08-04,246
2020-08-05,279
2020-08-06,308
2020-08-07,351
2020-08-08,308
2020-08-09,264
2020-08-10,334
2020-08-11,309
2020-08-12,281
2020-08-13,270
2020-08-14,381
2020-08-15,338
2020-08-16,279
2020-08-17,251
2020-08-18,293
2020-08-19,256
2020-08-20,275
2020-08-21,318
2020-08-22,327
2020-08-23,277
2020-08-24,269
2020-08-25,264
2020-08-26,265
2020-08-27,302
2020-08-28,350
2020-08-29,302
2020-08-30,270
2020-08-31,281
2020-09-01,275
2020-09-02,281
2020-09-03,300
2020-09-04,335
2020-09-05,310
2020-09-06,271
2020-09-07,230
2020-09-08,283
2020-09-09,214
2020-09-10,264
2020-09-11,294
2020-09-12,300
2020-09-13,263
2020-09-14,242
2020-09-15,257
2020-09-16,304
2020-09-17,268
2020-09-18,300
2020-09-19,319
2020-09-20,256
2020-09-21,279
2020-09-22,247
2020-09-23,252
2020-09-24,267
2020-09-25,329
2020-09-26,295
2020-09-27,285
2020-09-28,290
2020-09-29,233
2020-09-30,243
2020-10-01,305
2020-10-02,314
2020-10-03,359
2020-10-04,301
2020-10-05,238
2020-10-06,235
2020-10-07,269
2020-10-08,259
2020-10-09,292
2020-10-10,289
2020-10-11,233
2020-10-12,277
2020-10-13,249
2020-10-14,243
2020-10-15,280
2020-10-16,279
2020-10-17,258
2020-10-18,238
2020-10-19,256
2020-10-20,231
2020-10-21,284
2020-10-22,339
2020-10-23,295
2020-10-24,268
2020-10-25,208
2020-10-26,263
2020-10-27,267
2020-10-28,205
2020-10-29,185
2020-10-30,326
2020-10-31,309
2020-11-01,230
2020-11-02,227
2020-11-03,239
2020-11-04,238
2020-11-05,217
2020-11-06,314
2020-11-07,294
2020-11-08,201
2020-11-09,223
2020-11-10,238
2020-11-11,205
2020-11-12,261
2020-11-13,287
2020-11-14,256
2020-11-15,202
2020-11-16,218
2020-11-17,185
2020-11-18,218
2020-11-19,220
2020-11-20,262
2020-11-21,241
2020-11-22,210
2020-11-23,202
2020-11-24,321
2020-11-25,322
2020-11-26,160
2020-11-27,170
2020-11-28,233
2020-11-29,188
2020-11-30,182
2020-12-01,192
2020-12-02,245
2020-12-03,213
2020-12-04,266
2020-12-05,220
2020-12-06,187
2020-12-07,190
2020-12-08,205
2020-12-09,217
2020-12-10,239
2020-12-11,354
2020-12-12,341
2020-12-13,162
2020-12-14,194
2020-12-15,206
2020-12-16,211
2020-12-17,230
2020-12-18,273
2020-12-19,239
2020-12-20,215
2020-12-21,241
2020-12-22,245
2020-12-23,313
2020-12-24,222
2020-12-25,177
2020-12-26,228
2020-12-27,177
2020-12-28,206
2020-12-29,392
2020-12-30,189
2020-12-31,265
2021-01-01,259
2021-01-02,211
2021-01-03,152
2021-01-04,228
2021-01-05,227
2021-01-06,237
2021-01-07,196
2021-01-08,245
2021-01-09,205
2021-01-10,178
2021-01-11,167
2021-01-12,244
2021-01-13,199
2021-01-14,254
2021-01-15,262
2021-01-16,297
2021-01-17,221
2021-01-18,184
2021-01-19,227
2021-01-20,272
2021-01-21,226
2021-01-22,258
2021-01-23,240
2021-01-24,176
2021-01-25,251
2021-01-26,232
2021-01-27,223
2021-01-28,237
2021-01-29,255
2021-01-30,267
2021-01-31,242
2021-02-01,310
2021-02-02,247
2021-02-03,277
2021-02-04,326
2021-02-05,360
2021-02-06,365
2021-02-07,313
2021-02-08,311
2021-02-09,308
2021-02-10,280
2021-02-11,263
2021-02-12,331
2021-02-13,338
2021-02-14,260
2021-02-15,314
2021-02-16,253
2021-02-17,374
2021-02-18,293
2021-02-19,417
2021-02-20,358
2021-02-21,244
2021-02-22,297
2021-02-23,287
2021-02-24,232
2021-02-25,229
2021-02-26,278
2021-02-27,337
2021-02-28,197
2021-03-01,239
2021-03-02,219
2021-03-03,278
2021-03-04,231
2021-03-05,251
2021-03-06,266
2021-03-07,202
2021-03-08,228
2021-03-09,217
2021-03-10,209
2021-03-11,234
2021-03-12,250
2021-03-13,289
2021-03-14,179
2021-03-15,257
2021-03-16,225
2021-03-17,221
2021-03-18,227
2021-03-19,325
2021-03-20,318
2021-03-21,253
2021-03-22,255
2021-03-23,255
2021-03-24,237
2021-03-25,237
2021-03-26,299
2021-03-27,296
2021-03-28,224
2021-03-29,271
2021-03-30,256
2021-03-31,231
2021-04-01,266
2021-04-02,310
2021-04-03,329
2021-04-04,284
2021-04-05,259
2021-04-06,286
2021-04-07,266
2021-04-08,265
2021-04-09,281
2021-04-10,278
2021-04-11,210
2021-04-12,291
2021-04-13,261
2021-04-14,209
2021-04-15,250
2021-04-16,282
2021-04-17,266
2021-04-18,240
2021-04-19,268
2021-04-20,250
2021-04-21,236
2021-04-22,289
2021-04-23,297
2021-04-24,272
2021-04-25,215
2021-04-26,298
2021-04-27,341
2021-04-28,263
2021-04-29,297
2021-04-30,310
2021-05-01,320
2021-05-02,367
2021-05-03,288
2021-05-04,262
2021-05-05,313
2021-05-06,313
2021-05-07,325
2021-05-08,342
2021-05-09,283
2021-05-10,298
2021-05-11,256
2021-05-12,312
2021-05-13,285
2021-05-14,347
2021-05-15,273
2021-05-16,282
2021-05-17,283
2021-05-18,280
2021-05-19,286
2021-05-20,310
2021-05-21,390
2021-05-22,383
2021-05-23,291
2021-05-24,332
2021-05-25,339
2021-05-26,344
2021-05-27,331
2021-05-28,361
2021-05-29,332
2021-05-30,262
2021-05-31,261
2021-06-01,303
2021-06-02,312
2021-06-03,365
2021-06-04,444
2021-06-05,373
2021-06-06,356
2021-06-07,304
2021-06-08,365
2021-06-09,312
2021-06-10,343
2021-06-11,395
2021-06-12,415
2021-06-13,325
2021-06-14,331
2021-06-15,307
2021-06-16,340
2021-06-17,341
2021-06-18,367
2021-06-19,460
2021-06-20,324
2021-06-21,344
2021-06-22,326
2021-06-23,281
2021-06-24,318
2021-06-25,312
2021-06-26,391
2021-06-27,321
2021-06-28,298
2021-06-29,295
2021-06-30,367
2021-07-01,318
2021-07-02,360
2021-07-03,347
2021-07-04,352
2021-07-05,290
2021-07-06,360
2021-07-07,341
2021-07-08,280
2021-07-09,349
2021-07-10,310
2021-07-11,298
2021-07-12,272
2021-07-13,265
2021-07-14,269
2021-07-15,300
2021-07-16,330
2021-07-17,329
2021-07-18,312
2021-07-19,301
2021-07-20,334
2021-07-21,294
2021-07-22,296
2021-07-23,349
2021-07-24,391
2021-07-25,325
2021-07-26,300
2021-07-27,298
2021-07-28,343
2021-07-29,375
2021-07-30,373
2021-07-31,354
2021-08-01,359
2021-08-02,296
2021-08-03,307
2021-08-04,332
2021-08-05,326
2021-08-06,333
2021-08-07,313
2021-08-08,301
2021-08-09,317
2021-08-10,305
2021-08-11,324
2021-08-12,298
2021-08-13,330
2021-08-14,378
2021-08-15,300
2021-08-16,312
2021-08-17,262
2021-08-18,267
2021-08-19,302
2021-08-20,344
2021-08-21,383
2021-08-22,287
2021-08-23,289
2021-08-24,336
2021-08-25,325
2021-08-26,314
2021-08-27,372
2021-08-28,367
2021-08-29,340
2021-08-30,337
2021-08-31,333
2021-09-01,363
2021-09-02,303
2021-09-03,350
2021-09-04,278
2021-09-05,296
2021-09-06,238
2021-09-07,336
2021-09-08,346
2021-09-09,309
2021-09-10,396
2021-09-11,314
2021-09-12,320
2021-09-13,327
2021-09-14,323
2021-09-15,363
2021-09-16,387
2021-09-17,473
2021-09-18,311
2021-09-19,299
2021-09-20,330
2021-09-21,310
2021-09-22,293
2021-09-23,306
2021-09-24,387
2021-09-25,343
2021-09-26,274
2021-09-27,320
2021-09-28,345
2021-09-29,322
2021-09-30,335
2021-10-01,406
2021-10-02,356
2021-10-03,294
2021-10-04,299
2021-10-05,274
2021-10-06,287
2021-10-07,376
2021-10-08,395
2021-10-09,334
2021-10-10,229
2021-10-11,297
2021-10-12,298
2021-10-13,336
2021-10-14,301
2021-10-15,338
2021-10-16,316
2021-10-17,269
2021-10-18,330
2021-10-19,310
2021-10-20,289
2021-10-21,316
2021-10-22,327
2021-10-23,336
2021-10-24,360
2021-10-25,361
2021-10-26,293
2021-10-27,336
2021-10-28,391
2021-10-29,512
2021-10-30,389
2021-10-31,319
2021-11-01,300
2021-11-02,337
2021-11-03,291
2021-11-04,295
2021-11-05,382
2021-11-06,294
2021-11-07,257
2021-11-08,291
2021-11-09,250
2021-11-10,283
2021-11-11,292
2021-11-12,384
2021-11-13,301
2021-11-14,294
2021-11-15,298
2021-11-16,295
2021-11-17,299
2021-11-18,310
2021-11-19,364
2021-11-20,287
2021-11-21,286
2021-11-22,306
2021-11-23,322
2021-11-24,322
2021-11-25,211
2021-11-26,238
2021-11-27,230
2021-11-28,233
2021-11-29,248
2021-11-30,274
2021-12-01,280
2021-12-02,298
2021-12-03,338
2021-12-04,299
2021-12-05,354
2021-12-06,276
2021-12-07,248
2021-12-08,282
2021-12-09,259
2021-12-10,491
2021-12-11,335
2021-12-12,229
2021-12-13,280
2021-12-14,286
2021-12-15,284
2021-12-16,279
2021-12-17,303
2021-12-18,308
2021-12-19,245
2021-12-20,272
2021-12-21,249
2021-12-22,270
2021-12-23,247
2021-12-24,267
2021-12-25,180
2021-12-26,182
2021-12-27,234
2021-12-28,255
2021-12-29,218
2021-12-30,209
2021-12-31,254
2022-01-01,252
2022-01-02,193
2022-01-03,289
2022-01-04,239
2022-01-05,210
2022-01-06,236
2022-01-07,276
2022-01-08,295
2022-01-09,233
2022-01-10,238
2022-01-11,214
2022-01-12,275
2022-01-13,231
2022-01-14,302
2022-01-15,313
2022-01-16,233
2022-01-17,187
2022-01-18,338
2022-01-19,249
2022-01-20,286
2022-01-21,272
2022-01-22,250
2022-01-23,244
2022-01-24,308
2022-01-25,287
2022-01-26,308
2022-01-27,278
2022-01-28,376
2022-01-29,271
2022-01-30,211
2022-01-31,301
2022-02-01,304
2022-02-02,308
2022-02-03,241
2022-02-04,300
2022-02-05,359
2022-02-06,244
2022-02-07,315
2022-02-08,293
2022-02-09,291
2022-02-10,277
2022-02-11,281
2022-02-12,252
2022-02-13,228
2022-02-14,277
2022-02-15,270
2022-02-16,257
2022-02-17,408
2022-02-18,336
2022-02-19,281
2022-02-20,253
2022-02-21,223
2022-02-22,241
2022-02-23,255
2022-02-24,261
2022-02-25,348
2022-02-26,322
2022-02-27,225
2022-02-28,313
2022-03-01,265
2022-03-02,246
2022-03-03,235
2022-03-04,278
2022-03-05,284
2022-03-06,219
2022-03-07,234
2022-03-08,277
2022-03-09,244
2022-03-10,238
2022-03-11,344
2022-03-12,319
2022-03-13,250
2022-03-14,233
2022-03-15,248
2022-03-16,317
2022-03-17,327
2022-03-18,389
2022-03-19,306
2022-03-20,269
2022-03-21,274
2022-03-22,252
2022-03-23,259
2022-03-24,301
2022-03-25,297
2022-03-26,265
2022-03-27,280
2022-03-28,281
2022-03-29,227
2022-03-30,311
2022-03-31,283
2022-04-01,352
2022-04-02,335
2022-04-03,273
2022-04-04,314
2022-04-05,235
2022-04-06,268
2022-04-07,303
2022-04-08,329
2022-04-09,305
2022-04-10,258
2022-04-11,214
2022-04-12,244
2022-04-13,259
2022-04-14,286
2022-04-15,265
2022-04-16,235
2022-04-17,207
2022-04-18,240
2022-04-19,234
2022-04-20,251
2022-04-21,308
2022-04-22,289
2022-04-23,379
2022-04-24,282
2022-04-25,281
2022-04-26,281
2022-04-27,296
2022-04-28,297
2022-04-29,354
2022-04-30,359
2022-05-01,256
2022-05-02,276
2022-05-03,365
2022-05-04,306
2022-05-05,334
2022-05-06,403
2022-05-07,353
2022-05-08,285
2022-05-09,336
2022-05-10,339
2022-05-11,330
2022-05-12,338
2022-05-13,432
2022-05-14,349
2022-05-15,287
2022-05-16,322
2022-05-17,258
2022-05-18,299
2022-05-19,327
2022-05-20,339
2022-05-21,281
2022-05-22,266
2022-05-23,287
2022-05-24,273
2022-05-25,305
2022-05-26,326
2022-05-27,344
2022-05-28,313
2022-05-29,290
2022-05-30,284
2022-05-31,322
2022-06-01,299
2022-06-02,295
2022-06-03,383
2022-06-04,277
2022-06-05,311
2022-06-06,307
2022-06-07,279
2022-06-08,315
2022-06-09,306
2022-06-10,369
2022-06-11,330
2022-06-12,254
2022-06-13,312
2022-06-14,378
2022-06-15,337
2022-06-16,381
2022-06-17,395
2022-06-18,339
2022-06-19,307
2022-06-20,341
2022-06-21,314
2022-06-22,316
2022-06-23,290
2022-06-24,358
2022-06-25,299
2022-06-26,322
2022-06-27,291
2022-06-28,285
2022-06-29,297
2022-06-30,314
2022-07-01,308
2022-07-02,322
2022-07-03,271
2022-07-04,255
2022-07-05,300
2022-07-06,275
2022-07-07,250
2022-07-08,266
2022-07-09,301
2022-07-10,310
2022-07-11,261
2022-07-12,332
2022-07-13,264
2022-07-14,276
2022-07-15,372
2022-07-16,302
2022-07-17,270
2022-07-18,298
2022-07-19,302
2022-07-20,293
2022-07-21,322
2022-07-22,335
2022-07-23,293
2022-07-24,284
2022-07-25,277
2022-07-26,265
2022-07-27,314
2022-07-28,331
2022-07-29,377
2022-07-30,337
2022-07-31,300
2022-08-01,299
2022-08-02,291
2022-08-03,255
2022-08-04,254
2022-08-05,377
2022-08-06,317
2022-08-07,289
2022-08-08,284
2022-08-09,310
2022-08-10,254
2022-08-11,289
2022-08-12,325
2022-08-13,294
2022-08-14,222
2022-08-15,249
2022-08-16,311
2022-08-17,308
2022-08-18,292
2022-08-19,302
2022-08-20,341
2022-08-21,252
2022-08-22,295
2022-08-23,306
2022-08-24,295
2022-08-25,339
2022-08-26,346
2022-08-27,312
2022-08-28,272
2022-08-29,315
2022-08-30,325
2022-08-31,312
2022-09-01,363
2022-09-02,393
2022-09-03,318
2022-09-04,266
2022-09-05,212
2022-09-06,324
2022-09-07,318
2022-09-08,324
2022-09-09,336
2022-09-10,303
2022-09-11,297
2022-09-12,319
2022-09-13,283
2022-09-14,322
2022-09-15,334
2022-09-16,439
2022-09-17,351
2022-09-18,313
2022-09-19,316
2022-09-20,323
2022-09-21,311
2022-09-22,334
2022-09-23,286
2022-09-24,323
2022-09-25,317
2022-09-26,270
2022-09-27,288
2022-09-28,328
2022-09-29,302
2022-09-30,389
2022-10-01,354
2022-10-02,266
2022-10-03,323
2022-10-04,293
2022-10-05,305
2022-10-06,328
2022-10-07,413
2022-10-08,277
2022-10-09,243
2022-10-10,256
2022-10-11,379
2022-10-12,360
2022-10-13,343
2022-10-14,393
2022-10-15,315
2022-10-16,248
2022-10-17,284
2022-10-18,295
2022-10-19,302
2022-10-20,295
2022-10-21,377
2022-10-22,328
2022-10-23,313
2022-10-24,290
2022-10-25,444
2022-10-26,319
2022-10-27,281
2022-10-28,334
2022-10-29,347
2022-10-30,317
2022-10-31,288
2022-11-01,324
2022-11-02,291
2022-11-03,305
2022-11-04,373
2022-11-05,321
2022-11-06,249
2022-11-07,309
2022-11-08,256
2022-11-09,288
2022-11-10,311
2022-11-11,328
2022-11-12,258
2022-11-13,244
2022-11-14,299
2022-11-15,408
2022-11-16,330
2022-11-17,311
2022-11-18,448
2022-11-19,278
2022-11-20,263
2022-11-21,260
2022-11-22,307
2022-11-23,341
2022-11-24,191
2022-11-25,248
2022-11-26,241
2022-11-27,227
2022-11-28,240
2022-11-29,259
2022-11-30,287
2022-12-01,294
2022-12-02,284
2022-12-03,321
2022-12-04,269
2022-12-05,276
2022-12-06,261
2022-12-07,222
2022-12-08,265
2022-12-09,457
2022-12-10,317
2022-12-11,251
2022-12-12,253
2022-12-13,274
2022-12-14,393
2022-12-15,346
2022-12-16,396
2022-12-17,305
2022-12-18,263
2022-12-19,267
2022-12-20,306
2022-12-21,335
2022-12-22,313
2022-12-23,220
2022-12-24,297
2022-12-25,228
2022-12-26,198
2022-12-27,289
2022-12-28,217
2022-12-29,274
2022-12-30,270
2022-12-31,278
2023-01-01,266
2023-01-02,179
2023-01-03,234
2023-01-04,204
2023-01-05,206
2023-01-06,238
2023-01-07,196
2023-01-08,203
2023-01-09,237
2023-01-10,290
2023-01-11,254
2023-01-12,241
2023-01-13,311
2023-01-14,271
2023-01-15,207
2023-01-16,258
2023-01-17,254
2023-01-18,259
2023-01-19,312
2023-01-20,242
2023-01-21,253
2023-01-22,255
2023-01-23,260
2023-01-24,245
2023-01-25,288
2023-01-26,425
2023-01-27,387
2023-01-28,309
2023-01-29,252
2023-01-30,301
2023-01-31,268
2023-02-01,309
2023-02-02,295
2023-02-03,294
2023-02-04,279
2023-02-05,238
2023-02-06,288
2023-02-07,228
2023-02-08,249
2023-02-09,310
2023-02-10,301
2023-02-11,263
2023-02-12,260
2023-02-13,272
2023-02-14,324
2023-02-15,259
2023-02-16,315
2023-02-17,413
2023-02-18,269
2023-02-19,245
2023-02-20,242
2023-02-21,244
2023-02-22,301
2023-02-23,282
2023-02-24,425
2023-02-25,364
2023-02-26,277
2023-02-27,278
2023-02-28,275
2023-03-01,299
2023-03-02,245
2023-03-03,274
2023-03-04,302
2023-03-05,231
2023-03-06,259
2023-03-07,304
2023-03-08,246
2023-03-09,299
2023-03-10,329
2023-03-11,289
2023-03-12,259
2023-03-13,288
2023-03-14,308
2023-03-15,323
2023-03-16,317
2023-03-17,321
2023-03-18,262
2023-03-19,240
2023-03-20,254
2023-03-21,282
2023-03-22,283
2023-03-23,280
2023-03-24,317
2023-03-25,305
2023-03-26,248
2023-03-27,307
2023-03-28,283
2023-03-29,262
2023-03-30,312
2023-03-31,368
2023-04-01,277
2023-04-02,259
2023-04-03,249
2023-04-04,268
2023-04-05,251
2023-04-06,257
2023-04-07,276
2023-04-08,281
2023-04-09,266
2023-04-10,298
2023-04-11,314
2023-04-12,333
2023-04-13,372
2023-04-14,396
2023-04-15,339
2023-04-16,286
2023-04-17,301
2023-04-18,319
2023-04-19,288
2023-04-20,340
2023-04-21,324
2023-04-22,268
2023-04-23,265
2023-04-24,306
2023-04-25,330
2023-04-26,333
2023-04-27,344
2023-04-28,303
2023-04-29,302
2023-04-30,264
2023-05-01,346
2023-05-02,292
2023-05-03,295
2023-05-04,357
2023-05-05,333
2023-05-06,361
2023-05-07,301
2023-05-08,322
2023-05-09,327
2023-05-10,352
2023-05-11,374
2023-05-12,363
2023-05-13,309
2023-05-14,294
2023-05-15,303
2023-05-16,316
2023-05-17,335
2023-05-18,326
2023-05-19,353
2023-05-20,308
2023-05-21,299
2023-05-22,345
2023-05-23,353
2023-05-24,302
2023-05-25,357
2023-05-26,361
2023-05-27,307
2023-05-28,283
2023-05-29,246
2023-05-30,353
2023-05-31,370
2023-06-01,376
2023-06-02,396
2023-06-03,343
2023-06-04,317
2023-06-05,307
2023-06-06,325
2023-06-07,327
2023-06-08,302
2023-06-09,323
2023-06-10,367
2023-06-11,310
2023-06-12,295
2023-06-13,359
2023-06-14,285
2023-06-15,293
2023-06-16,297
2023-06-17,319
2023-06-18,314
2023-06-19,275
2023-06-20,306
2023-06-21,299
2023-06-22,310
2023-06-23,380
2023-06-24,367
2023-06-25,316
2023-06-26,265
2023-06-27,292
2023-06-28,265
2023-06-29,320
2023-06-30,340
2023-07-01,294
2023-07-02,265
2023-07-03,333
2023-07-04,271
2023-07-05,329
2023-07-06,291
2023-07-07,346
2023-07-08,316
2023-07-09,269
2023-07-10,313
2023-07-11,283
2023-07-12,277
2023-07-13,326
2023-07-14,357
2023-07-15,303
2023-07-16,274
2023-07-17,310
2023-07-18,299
2023-07-19,335
2023-07-20,336
2023-07-21,327
2023-07-22,330
2023-07-23,302
2023-07-24,284
2023-07-25,280
2023-07-26,261
2023-07-27,319
2023-07-28,383
2023-07-29,351
2023-07-30,298
2023-07-31,266
2023-08-01,303
2023-08-02,301
2023-08-03,366
2023-08-04,346
2023-08-05,356
2023-08-06,279
2023-08-07,267
2023-08-08,282
2023-08-09,228
2023-08-10,247
2023-08-11,363
2023-08-12,340
2023-08-13,265
2023-08-14,310
2023-08-15,305
2023-08-16,335
2023-08-17,304
2023-08-18,326
2023-08-19,331
2023-08-20,316
2023-08-21,359
2023-08-22,320
2023-08-23,319
2023-08-24,325
2023-08-25,347
2023-08-26,296
2023-08-27,304
2023-08-28,328
2023-08-29,329
2023-08-30,340
2023-08-31,336
2023-09-01,410
2023-09-02,336
2023-09-03,296
2023-09-04,268
2023-09-05,344
2023-09-06,328
2023-09-07,270
2023-09-08,347
2023-09-09,307
2023-09-10,278
2023-09-11,379
2023-09-12,304
2023-09-13,340
2023-09-14,325
2023-09-15,391
2023-09-16,375
2023-09-17,297
2023-09-18,326
2023-09-19,356
2023-09-20,322
2023-09-21,296
2023-09-22,306
2023-09-23,303
2023-09-24,252
2023-09-25,279
2023-09-26,323
2023-09-27,279
2023-09-28,270
2023-09-29,361
2023-09-30,347
2023-10-01,297
2023-10-02,313
2023-10-03,358
2023-10-04,335
2023-10-05,324
2023-10-06,420
2023-10-07,302
2023-10-08,235
2023-10-09,246
2023-10-10,352
2023-10-11,338
2023-10-12,303
2023-10-13,372
2023-10-14,351
2023-10-15,316
2023-10-16,245
2023-10-17,346
2023-10-18,325
2023-10-19,356
2023-10-20,346
2023-10-21,321
2023-10-22,289
2023-10-23,310
2023-10-24,327
2023-10-25,389
2023-10-26,330
2023-10-27,336
2023-10-28,298
2023-10-29,301
2023-10-30,345
2023-10-31,372
2023-11-01,370
2023-11-02,316
2023-11-03,325
2023-11-04,317
2023-11-05,237
2023-11-06,325
2023-11-07,248
2023-11-08,331
2023-11-09,330
2023-11-10,281
2023-11-11,295
2023-11-12,254
2023-11-13,300
2023-11-14,358
2023-11-15,311
2023-11-16,300
2023-11-17,363
2023-11-18,321
2023-11-19,262
2023-11-20,305
2023-11-21,280
2023-11-22,288
2023-11-23,195
2023-11-24,186
2023-11-25,217
2023-11-26,239
2023-11-27,300
2023-11-28,302
2023-11-29,285
2023-11-30,337
2023-12-01,466
2023-12-02,309
2023-12-03,272
2023-12-04,265
2023-12-05,377
2023-12-06,243
2023-12-07,328
2023-12-08,341
2023-12-09,312
2023-12-10,255
2023-12-11,292
2023-12-12,290
2023-12-13,305
2023-12-14,300
2023-12-15,347
2023-12-16,393
2023-12-17,265
2023-12-18,268
2023-12-19,282
2023-12-20,284
2023-12-21,280
2023-12-22,447
2023-12-23,335
2023-12-24,242
2023-12-25,183
2023-12-26,204
2023-12-27,185
2023-12-28,279
2023-12-29,269
2023-12-30,222
2023-12-31,273
2024-01-01,241
2024-01-02,205
2024-01-03,218
2024-01-04,223
2024-01-05,227
2024-01-06,282
2024-01-07,204
2024-01-08,233
2024-01-09,281
2024-01-10,240
2024-01-11,292
2024-01-12,297
2024-01-13,272
2024-01-14,238
2024-01-15,247
2024-01-16,257
2024-01-17,325
2024-01-18,298
2024-01-19,357
2024-01-20,312
2024-01-21,259
2024-01-22,288
2024-01-23,314
2024-01-24,342
2024-01-25,270
2024-01-26,312
2024-01-27,257
2024-01-28,227
2024-01-29,254
2024-01-30,249
2024-01-31,212
2024-02-01,298
2024-02-02,302
2024-02-03,318
2024-02-04,243
2024-02-05,238
2024-02-06,229
2024-02-07,244
2024-02-08,286
2024-02-09,263
2024-02-10,266
2024-02-11,218
2024-02-12,257
2024-02-13,264
2024-02-14,298
2024-02-15,275
2024-02-16,241
2024-02-17,254
2024-02-18,233
2024-02-19,212
2024-02-20,292
2024-02-21,259
2024-02-22,242
2024-02-23,334
2024-02-24,330
2024-02-25,233
2024-02-26,299
2024-02-27,314
2024-02-28,267
2024-02-29,291
2024-03-01,314
2024-03-02,293
2024-03-03,332
2024-03-04,252
2024-03-05,278
2024-03-06,279
2024-03-07,264
2024-03-08,391
2024-03-09,292
2024-03-10,220
2024-03-11,317
2024-03-12,310
2024-03-13,291
2024-03-14,309
2024-03-15,329
2024-03-16,363
2024-03-17,291
2024-03-18,305
2024-03-19,304
2024-03-20,322
2024-03-21,252
2024-03-22,326
2024-03-23,283
2024-03-24,208
2024-03-25,237
2024-03-26,257
2024-03-27,222
2024-03-28,260
2024-03-29,272
2024-03-30,310
2024-03-31,242
2024-04-01,335
2024-04-02,297
2024-04-03,364
2024-04-04,300
2024-04-05,318
2024-04-06,284
2024-04-07,250
2024-04-08,302
2024-04-09,332
2024-04-10,272
2024-04-11,293
2024-04-12,374
2024-04-13,309
2024-04-14,342
2024-04-15,323
2024-04-16,325
2024-04-17,303
2024-04-18,290
2024-04-19,310
2024-04-20,283
2024-04-21,254
2024-04-22,288
2024-04-23,256
2024-04-24,266
2024-04-25,355
2024-04-26,350
2024-04-27,331
2024-04-28,296
2024-04-29,308
2024-04-30,343
2024-05-01,327
2024-05-02,362
2024-05-03,384
2024-05-04,364
2024-05-05,300
2024-05-06,304
2024-05-07,347
2024-05-08,406
2024-05-09,377
2024-05-10,368
2024-05-11,336
2024-05-12,287
2024-05-13,328
2024-05-14,312
2024-05-15,343
2024-05-16,345
2024-05-17,389
2024-05-18,393
2024-05-19,311
2024-05-20,375
2024-05-21,350
2024-05-22,353
2024-05-23,346
2024-05-24,375
2024-05-25,362
2024-05-26,297
2024-05-27,219
2024-05-28,358
2024-05-29,370
2024-05-30,351
2024-05-31,399
2024-06-01,408
2024-06-02,344
2024-06-03,337
2024-06-04,338
2024-06-05,355
2024-06-06,384
2024-06-07,388
2024-06-08,352
2024-06-09,346
2024-06-10,297
2024-06-11,323
2024-06-12,349
2024-06-13,302
2024-06-14,396
2024-06-15,365
2024-06-16,325
2024-06-17,327
2024-06-18,309
2024-06-19,276
2024-06-20,297
2024-06-21,355
2024-06-22,365
2024-06-23,320
2024-06-24,328
2024-06-25,303
2024-06-26,300
2024-06-27,335
2024-06-28,374
2024-06-29,354
2024-06-30,284
2024-07-01,286
2024-07-02,286
2024-07-03,384
2024-07-04,230
2024-07-05,346
2024-07-06,278
2024-07-07,299
2024-07-08,298
2024-07-09,292
2024-07-10,298
2024-07-11,256
2024-07-12,359
2024-07-13,369
2024-07-14,314
2024-07-15,321
2024-07-16,343
2024-07-17,320
2024-07-18,316
2024-07-19,307
2024-07-20,321
2024-07-21,293
2024-07-22,280
2024-07-23,288
2024-07-24,308
2024-07-25,307
2024-07-26,340
2024-07-27,349
2024-07-28,286
2024-07-29,278
2024-07-30,301
2024-07-31,353
2024-08-01,340
2024-08-02,362
2024-08-03,311
2024-08-04,308
2024-08-05,317
2024-08-06,230
2024-08-07,312
2024-08-08,309
2024-08-09,340
2024-08-10,351
2024-08-11,302
2024-08-12,262
2024-08-13,289
2024-08-14,307
2024-08-15,329
2024-08-16,365
2024-08-17,376
2024-08-18,297
2024-08-19,255
2024-08-20,260
2024-08-21,272
2024-08-22,299
2024-08-23,343
2024-08-24,326
2024-08-25,345
2024-08-26,317
2024-08-27,358
2024-08-28,383
2024-08-29,338
2024-08-30,351
2024-08-31,367
2024-09-01,345
2024-09-02,211
2024-09-03,391
2024-09-04,362
2024-09-05,326
2024-09-06,313
2024-09-07,276
2024-09-08,289
2024-09-09,322
2024-09-10,297
2024-09-11,339
2024-09-12,339
2024-09-13,382
2024-09-14,368
2024-09-15,345
2024-09-16,329
2024-09-17,309
2024-09-18,355
2024-09-19,401
2024-09-20,407
2024-09-21,324
2024-09-22,323
2024-09-23,284
2024-09-24,399
2024-09-25,326
2024-09-26,324
2024-09-27,299
2024-09-28,269
2024-09-29,249
2024-09-30,310
2024-10-01,326
2024-10-02,312
2024-10-03,319
2024-10-04,377
2024-10-05,290
2024-10-06,268
2024-10-07,328
2024-10-08,308
2024-10-09,328
2024-10-10,348
2024-10-11,370
2024-10-12,273
2024-10-13,249
2024-10-14,240
2024-10-15,443
2024-10-16,319
2024-10-17,313
2024-10-18,376
2024-10-19,312
2024-10-20,271
2024-10-21,304
2024-10-22,279
2024-10-23,342
2024-10-24,337
2024-10-25,371
2024-10-26,333
2024-10-27,317
2024-10-28,251
2024-10-29,296
2024-10-30,327
2024-10-31,360
2024-11-01,378
2024-11-02,286
2024-11-03,261
2024-11-04,345
2024-11-05,336
2024-11-06,258
2024-11-07,305
2024-11-08,332
2024-11-09,306
2024-11-10,253
2024-11-11,250
2024-11-12,320
2024-11-13,326
2024-11-14,343
2024-11-15,314
2024-11-16,234
2024-11-17,265
2024-11-18,370
2024-11-19,308
2024-11-20,320
2024-11-21,572
2024-11-22,320
2024-11-23,279
2024-11-24,230
2024-11-25,254
2024-11-26,283
2024-11-27,266
2024-11-28,196
2024-11-29,198
2024-11-30,223
2024-12-01,239
2024-12-02,269
2024-12-03,294
2024-12-04,304
2024-12-05,308
2024-12-06,375
2024-12-07,283
2024-12-08,285
2024-12-09,312
2024-12-10,284
2024-12-11,275
2024-12-12,301
2024-12-13,376
2024-12-14,364
2024-12-15,319
2024-12-16,284
2024-12-17,289
2024-12-18,296
2024-12-19,309
2024-12-20,372
2024-12-21,310
2024-12-22,238
2024-12-23,283
2024-12-24,194
2024-12-25,161
2024-12-26,230
2024-12-27,275
2024-12-28,211
2024-12-29,191
2024-12-30,239
2024-12-31,302
